,repository_name,language
0,.github,
1,ads-agentic-tools,Python
2,aioshumway,Python
3,android-auth,Kotlin
4,android-sdk,HTML
5,android-store-service,Python
6,annoy,C++
7,annoy-java,Java
8,apollo,Java
9,apollo-elide,Java
10,apollo-metrics,
11,apps-tutorial,
12,argo-cd,
13,argo-rollouts,
14,async-datastore-client,Java
15,async-google-pubsub-client,Java
16,backup-utils,Shell
17,basic-pitch,Python
18,basic-pitch-ts,TypeScript
19,batty,Python
20,bazel,
21,bazel-tools,Java
22,beam,Java
23,big-data-rosetta-code,Scala
24,bigtable-autoscaler,Java
25,boilerplate-app,
26,bucket-runner,JavaScript
27,cartography,Python
28,cassandra-extra,Java
29,cassandra-medusa,Python
30,cassandra-opstools,Java
31,cassandra-reaper,
32,causify,
33,certcheck,Python
34,chartify,Python
35,code-of-conduct,
36,collectd,C
37,comet,Python
38,comet-common,Python
39,comet-core,Python
40,completable-futures,Java
41,condor,Java
42,confidence,Python
43,confidence-ai-plugins,Python
44,confidence-openfeature-provider-php,PHP
45,confidence-resolver,Rust
46,confidence-sdk-android,Kotlin
47,confidence-sdk-demos,TypeScript
48,confidence-sdk-dotnet,C#
49,confidence-sdk-flutter,Dart
50,confidence-sdk-go,Go
51,confidence-sdk-java,Java
52,confidence-sdk-js,TypeScript
53,confidence-sdk-python,Python
54,confidence-sdk-rust,Rust
55,confidence-sdk-swift,Swift
56,container-agent,Python
57,conversion-api-tag-template,Smarty
58,cookiecutter-golang,Go
59,coordinator,HTML
60,crtauth,Python
61,crtauth-java,Java
62,crtauth-java-agent-signer-apache,Java
63,crunch-lib,Java
64,cstar,Python
65,daemon-java,Java
66,dataenum,Java
67,DataflowJavaSDK,Java
68,dataproc-java-submitter,Java
69,dataprocxy,Python
70,dbeam,Java
71,debify,Shell
72,dh-virtualenv,Python
73,diffuser,Swift
74,dns-java,Java
75,docgenerator,Java
76,docker-alpine,
77,docker-bigtable,Go
78,docker-cassandra,Shell
79,docker-client,Java
80,docker-gc,Shell
81,docker-kafka,Shell
82,docker-maven-plugin,Java
83,docker-stress,Python
84,dockerfile-maven,Java
85,dockerfile-mode,Emacs Lisp
86,docker_interface,Python
87,drserv,Python
88,druid,
89,duck,Ruby
90,echoprint-codegen,C++
91,echoprint-server,Java
92,elasticsearch-index-window,Java
93,elitzur,Scala
94,eslint-config-oss,JavaScript
95,etcd,Go
96,featran,Scala
97,ffwd,Java
98,ffwd-client-java,Java
99,ffwd-http-client,Java
100,ffwd-ruby,Ruby
101,flink,Java
102,flink-docker,
103,flink-on-k8s-operator,Go
104,flo,Java
105,flume-syslog-source2,Java
106,flyte-flink-plugin,Go
107,fmt-maven-plugin,Java
108,folsom,Java
109,foss-root,
110,futures-extra,Java
111,futuristic-feline,Java
112,gcp-audit,Python
113,gcp-aws-iam-federation-webidentity,HCL
114,gcp-firewall-enforcer,Python
115,gcs-tools,Scala
116,ghelog,Python
117,gimme,Python
118,git-test,Shell
119,github-java-client,Java
120,google-http-java-client,Java
121,gordon,Python
122,gordon-gcp,Python
123,gordon-introspection,Python
124,gordon-janitor,Python
125,gordon-janitor-gcp,Python
126,griffin,Python
127,hadoop-openpgp-codec,Java
128,hdfs2cass,Java
129,helios,Java
130,helios-go,Go
131,helios-skydns,Java
132,heroic,Java
133,heroic-client-go,Go
134,heroic-client-java,Java
135,homebrew-public,Ruby
136,hornet,Scala
137,HubFramework,Objective-C
138,hush-tab,JavaScript
139,hype,Java
140,hyperflo,Scala
141,ieee-spm-vocals-tutorial,Jupyter Notebook
142,ios-auth,Swift
143,ios-ci,Shell
144,ios-sdk,Objective-C
145,ios-style,
146,java-hamcrest,Java
147,java-lkk,Java
148,java-locales,Java
149,jenkins-coverage-poster,Groovy
150,jira-lkk-bridge,Java
151,JniHelpers,C++
152,jsconfeu-2013,JavaScript
153,kafka,Scala
154,kairosdb,Java
155,kernel-common,
156,klio,Python
157,lemur,Python
158,lighthouse-audit-service,TypeScript
159,limbo,Scala
160,lingon,JavaScript
161,linux,C
162,logging-java,Java
163,luigi,Python
164,lyceum,Clojure
165,mace,
166,magnolify,Scala
167,metrics-munin-reporter,Java
168,missinglink,Java
169,mlockexec,Python
170,mobius,Java
171,mobius-android-sample,Java
172,Mobius.swift,Swift
173,moob,Ruby
174,netty-batch-flusher,Java
175,netty-zmtp,Java
176,noether,Scala
177,okta-sdk-python,Python
178,openfeature-kotlin-sdk,Kotlin
179,openfeature-swift-sdk,Swift
180,pedalboard,C++
181,PeqBank,C
182,perf-map-agent,C
183,phpconf-argentina-2014,JavaScript
184,platform-external-bluetooth-bluez,
185,polly-jest-presets,TypeScript
186,postgresql-metrics,Python
187,proto-registry,TypeScript
188,proto-requests,TypeScript
189,protoman,Java
190,puppet-talos,Puppet
191,pyeos,Python
192,pyfg,Python
193,pyschema,Python
194,python-graphwalker,Python
195,pythonflow,Python
196,pywk,Python
197,quickstart,JavaScript
198,ratatool,Scala
199,react-native-lookback,Objective-C
200,reactochart,JavaScript
201,realbook,Python
202,redux-location-state,JavaScript
203,requests-crtauth,Python
204,robolectric,Java
205,rspec-dns,Ruby
206,rspec-dnsruby,Ruby
207,ruler,Kotlin
208,s3mper,Java
209,save-to-spotify,Go
210,scanctl,Python
211,scio,Scala
212,scio-contrib,Scala
213,scio-idea-plugin,Scala
214,scio.g8,Scala
215,sekexe,Shell
216,semantic-metrics,Java
217,should-up,JavaScript
218,shumway,Python
219,simple-bigtable,Java
220,skydns,
221,skygc,Python
222,snakebite,Python
223,soa-reference-integration,TypeScript
224,soundcheck-demo-environment,TypeScript
225,sourcekit-bazel-bsp,Swift
226,spark-bigquery,Scala
227,sparkey,C
228,sparkey-java,Java
229,sparkey-python,Python
230,spawn,Java
231,spotify-checkstyle-config,
232,spotify-heroic-datasource,TypeScript
233,spotify-js-challenge,JavaScript
234,spotify-json,C++
235,spotify-tensorflow,Python
236,spotify-web-api-ts-sdk,TypeScript
237,spotify-web-playback-sdk-example,JavaScript
238,spotify.github.io,HTML
239,SpotifyLogin,Swift
240,sprunch,Scala
241,SPStackedNav,Objective-C
242,SPTDataLoader,Objective-C
243,SPTPersistentCache,Objective-C
244,spydra,Java
245,spymaster,Python
246,squashing-census-exporter,Kotlin
247,ssh-agent-proxy,Java
248,ssh-agent-tls,Java
249,styx,Java
250,super-smash-brogp,Python
251,swupdate,
252,syslog-redirector,Go
253,syslog-redirector-golang,Go
254,talos,Ruby
255,target-determinator,Go
256,terraform-gke-kubeflow-cluster,HCL
257,terraform-google-aws-hybrid-cloud-vpn,HCL
258,terraform-google-grr,HCL
259,testing-game,Python
260,tfexample-derive,Scala
261,tfreader,Scala
262,tfx,Python
263,threaddump-analyzer,JavaScript
264,trickle,Java
265,ts-interface-loader,TypeScript
266,tutter-jenkins,Ruby
267,uboot,
268,ulogger,Python
269,Vandelay,Java
270,vdisk,Python
271,vispana,JavaScript
272,visualizer-app,
273,volcano,Go
274,voyager,C++
275,wasd,Java
276,web-api,RAML
277,web-api-examples,HTML
278,web-audio-bench,JavaScript
279,web-playback-sdk,
280,web-scripts,TypeScript
281,web-scripts-library-template,TypeScript
282,XCMetrics,Swift
283,XCRemoteCache,Swift
284,zoltar,Java
